InvoiceNo,StockCode,Description,Quantity,InvoiceDate,UnitPrice,CustomerID,Country
536364,85123A,WHITE HANGING HEART T-LIGHT HOLDER,6,12/1/2010 8:26,2.55,17852,Spain
536363,71053,WHITE METAL LANTERN,6,12/1/2010 8:26,3.39,17853,Germany
,71053,WHITE METAL LANTERN,6,12/1/2010 8:26,3.39,17853,Portugal
536362,,WHITE METAL LANTERN,6,12/1/2010 8:26,3.39,17853,Portugal
536362,4567,WHITE METAL LANTERN,,12/1/2010 8:26,3.39,17853,Portugal
536362,71053,WHITE METAL LANTERN,6,12/1/2010 8:26,3.39,,Portugal
536365,84406B,CREAM CUPID HEARTS COAT HANGER,8,12/1/2010 8:26,2.75,17850,United Kingdom
536365,84029G,KNITTED UNION FLAG HOT WATER BOTTLE,6,12/1/2010 8:26,3.39,17850,United Kingdom
536365,84029E,RED WOOLLY HOTTIE WHITE HEART.,6,12/1/2010 8:26,3.39,17850,United Kingdom
C580131,85048,15CM CHRISTMAS GLASS BALL 20 LIGHTS,-1,12/1/2011 18:12,7.95,17576,United Kingdom
C580131,21108,FAIRY CAKE FLANNEL ASSORTED COLOUR,-18,12/1/2011 18:12,2.1,17576,United Kingdom
C580131,85034C,3 ROSE MORRIS BOXED CANDLES,-12,12/1/2011 18:12,4.25,17576,United Kingdom
580132,22423,REGENCY CAKESTAND 3 TIER,16,12/1/2011 18:16,10.95,15694,United Kingdom
580132,22726,ALARM CLOCK BAKELIKE GREEN,12,12/1/2011 18:16,3.75,15694,United Kingdom
580132,82494L,WOODEN FRAME ANTIQUE WHITE ,12,12/1/2011 18:16,2.95,15694,United Kingdom
580132,82482,WOODEN PICTURE FRAME WHITE FINISH,12,12/1/2011 18:16,2.95,15694,United Kingdom
580132,23084,RABBIT NIGHT LIGHT,72,12/1/2011 18:16,1.79,15694,United Kingdom
580132,22727,ALARM CLOCK BAKELIKE RED ,12,12/1/2011 18:16,3.75,15694,United Kingdom
580133,23558,LANDMARK FRAME LONDON BRIDGE ,1,12/1/2011 18:43,12.5,15531,United Kingdom
580133,23539,WALL ART LOVES' SECRET ,2,12/1/2011 18:43,5.95,15531,United Kingdom
580133,23531,WALL ART BIG LOVE ,1,12/1/2011 18:43,6.95,15531,United Kingdom
580133,16169E,WRAP 50'S  CHRISTMAS,25,12/1/2011 18:43,0.42,15531,United Kingdom
580133,21843,RED RETROSPOT CAKE STAND,5,12/1/2011 18:43,10.95,15531,United Kingdom
580133,23247,BISCUIT TIN 50'S CHRISTMAS,2,12/1/2011 18:43,2.89,15531,United Kingdom
580133,23234,BISCUIT TIN VINTAGE CHRISTMAS,2,12/1/2011 18:43,2.89,15531,United Kingdom
580133,20914,SET/5 RED RETROSPOT LID GLASS BOWLS,5,12/1/2011 18:43,2.95,15531,United Kingdom
580133,23598,PAPER BUNTING VINTAGE PARTY,6,12/1/2011 18:43,2.95,15531,United Kingdom
580133,23353,6 GIFT TAGS VINTAGE CHRISTMAS ,6,12/1/2011 18:43,0.83,15531,United Kingdom
580133,22086,PAPER CHAIN KIT 50'S CHRISTMAS ,14,12/1/2011 18:43,2.95,15531,United Kingdom
580133,22910,PAPER CHAIN KIT VINTAGE CHRISTMAS,8,12/1/2011 18:43,2.95,15531,United Kingdom
580133,22083,PAPER CHAIN KIT RETROSPOT,6,12/1/2011 18:43,2.95,15531,United Kingdom
580133,22911,PAPER CHAIN KIT LONDON,3,12/1/2011 18:43,2.95,15531,United Kingdom
580133,22732,3D VINTAGE CHRISTMAS STICKERS ,5,12/1/2011 18:43,1.25,15531,United Kingdom
580133,22144,CHRISTMAS CRAFT LITTLE FRIENDS,3,12/1/2011 18:43,2.1,15531,United Kingdom
580133,20676,RED RETROSPOT BOWL,12,12/1/2011 18:43,1.25,15531,United Kingdom
580133,23570,TRADITIONAL PICK UP STICKS GAME ,3,12/1/2011 18:43,1.25,15531,United Kingdom
580133,23569,TRADTIONAL ALPHABET STAMP SET,3,12/1/2011 18:43,4.95,15531,United Kingdom
580133,84596F,SMALL MARSHMALLOWS PINK BOWL,8,12/1/2011 18:43,0.42,15531,United Kingdom
580133,84596B,SMALL DOLLY MIX DESIGN ORANGE BOWL,8,12/1/2011 18:43,0.42,15531,United Kingdom
580133,21790,VINTAGE SNAP CARDS,3,12/1/2011 18:43,0.85,15531,United Kingdom
580133,47559B,TEA TIME OVEN GLOVE,6,12/1/2011 18:43,1.25,15531,United Kingdom
580133,23497,CLASSIC CHROME BICYCLE BELL ,3,12/1/2011 18:43,1.45,15531,United Kingdom
580133,21326,AGED GLASS SILVER T-LIGHT HOLDER,12,12/1/2011 18:43,0.65,15531,United Kingdom
580133,47567B,TEA TIME KITCHEN APRON,4,12/1/2011 18:43,5.95,15531,United Kingdom
580133,22727,ALARM CLOCK BAKELIKE RED ,3,12/1/2011 18:43,3.75,15531,United Kingdom
580133,22726,ALARM CLOCK BAKELIKE GREEN,3,12/1/2011 18:43,3.75,15531,United Kingdom
580133,22730,ALARM CLOCK BAKELIKE IVORY,3,12/1/2011 18:43,3.75,15531,United Kingdom
580133,22728,ALARM CLOCK BAKELIKE PINK,3,12/1/2011 18:43,3.75,15531,United Kingdom
580133,21873,IF YOU CAN'T STAND THE HEAT MUG,6,12/1/2011 18:43,1.25,15531,United Kingdom
580133,21875,KINGS CHOICE MUG,6,12/1/2011 18:43,1.25,15531,United Kingdom
580133,21876,POTTERING MUG,6,12/1/2011 18:43,1.65,15531,United Kingdom
580133,21872,GLAMOROUS  MUG,6,12/1/2011 18:43,1.25,15531,United Kingdom
580133,20992,JAZZ HEARTS PURSE NOTEBOOK,24,12/1/2011 18:43,0.39,15531,United Kingdom
580133,22721,SET OF 3 CAKE TINS SKETCHBOOK,8,12/1/2011 18:43,4.95,15531,United Kingdom
580133,22441,GROW YOUR OWN BASIL IN ENAMEL MUG,5,12/1/2011 18:43,2.1,15531,United Kingdom
580133,20996,JAZZ HEARTS ADDRESS BOOK,24,12/1/2011 18:43,0.19,15531,United Kingdom
580133,21326,AGED GLASS SILVER T-LIGHT HOLDER,12,12/1/2011 18:43,0.65,15531,United Kingdom
580134,23428,IVORY RETRO KITCHEN WALL CLOCK,4,12/1/2011 19:24,8.15,13102,United Kingdom
580134,23429,RED RETRO KITCHEN WALL CLOCK,2,12/1/2011 19:24,8.15,13102,United Kingdom
580134,23580,SNACK TRAY HAPPY FOREST  ,8,12/1/2011 19:24,1.95,13102,United Kingdom
580134,23042,PAPER LANTERN 7 POINT SNOW STAR,4,12/1/2011 19:24,6.65,13102,United Kingdom
580134,21194,PINK  HONEYCOMB PAPER FAN,12,12/1/2011 19:24,0.65,13102,United Kingdom
580134,21208,PASTEL COLOUR HONEYCOMB FAN,12,12/1/2011 19:24,0.39,13102,United Kingdom
580134,20668,DISCO BALL CHRISTMAS DECORATION,24,12/1/2011 19:24,0.12,13102,United Kingdom
580134,23100,SILVER BELLS TABLE DECORATION,12,12/1/2011 19:24,1.25,13102,United Kingdom
580134,22993,SET OF 4 PANTRY JELLY MOULDS,12,12/1/2011 19:24,1.25,13102,United Kingdom
580134,22197,POPCORN HOLDER,36,12/1/2011 19:24,0.85,13102,United Kingdom
580134,23526,WALL ART DOG LICENCE ,8,12/1/2011 19:24,5.95,13102,United Kingdom
580134,23535,WALL ART BICYCLE SAFETY,4,12/1/2011 19:24,5.95,13102,United Kingdom
580134,22952,60 CAKE CASES VINTAGE CHRISTMAS,24,12/1/2011 19:24,0.55,13102,United Kingdom
580134,22738,RIBBON REEL SNOWY VILLAGE,20,12/1/2011 19:24,1.65,13102,United Kingdom
580134,22629,SPACEBOY LUNCH BOX ,12,12/1/2011 19:24,1.95,13102,United Kingdom
580135,23534,WALL ART STOP FOR TEA ,2,12/1/2011 19:33,5.95,14702,United Kingdom
580135,23293,SET OF 12 FAIRY CAKE BAKING CASES,8,12/1/2011 19:33,0.83,14702,United Kingdom
580135,23296,SET OF 6 TEA TIME BAKING CASES,4,12/1/2011 19:33,1.25,14702,United Kingdom
580135,22847,BREAD BIN DINER STYLE IVORY,1,12/1/2011 19:33,16.95,14702,United Kingdom
580135,84947,ANTIQUE SILVER TEA GLASS ENGRAVED,6,12/1/2011 19:33,1.25,14702,United Kingdom
580135,84946,ANTIQUE SILVER T-LIGHT GLASS,12,12/1/2011 19:33,1.25,14702,United Kingdom
580135,22086,PAPER CHAIN KIT 50'S CHRISTMAS ,4,12/1/2011 19:33,2.95,14702,United Kingdom
580135,23355,HOT WATER BOTTLE KEEP CALM,1,12/1/2011 19:33,4.95,14702,United Kingdom
580135,84029E,RED WOOLLY HOTTIE WHITE HEART.,1,12/1/2011 19:33,4.25,14702,United Kingdom
580135,21485,RETROSPOT HEART HOT WATER BOTTLE,1,12/1/2011 19:33,4.95,14702,United Kingdom
580135,21484,CHICK GREY HOT WATER BOTTLE,1,12/1/2011 19:33,4.25,14702,United Kingdom
580135,23130,MISTLETOE HEART WREATH GREEN,3,12/1/2011 19:33,4.15,14702,United Kingdom
580135,23312,VINTAGE CHRISTMAS GIFT SACK,2,12/1/2011 19:33,4.15,14702,United Kingdom
580135,22909,SET OF 20 VINTAGE CHRISTMAS NAPKINS,2,12/1/2011 19:33,0.85,14702,United Kingdom
580135,22142,CHRISTMAS CRAFT WHITE FAIRY ,1,12/1/2011 19:33,1.45,14702,United Kingdom
580135,23307,SET OF 60 PANTRY DESIGN CAKE CASES ,24,12/1/2011 19:33,0.55,14702,United Kingdom
580136,16169E,WRAP 50'S  CHRISTMAS,1,12/1/2011 19:42,0.42,17841,United Kingdom
580136,22959,WRAP CHRISTMAS VILLAGE,1,12/1/2011 19:42,0.42,17841,United Kingdom
580136,22592,CARDHOLDER HOLLY WREATH METAL,1,12/1/2011 19:42,3.75,17841,United Kingdom
580136,22439,6 ROCKET BALLOONS ,3,12/1/2011 19:42,0.65,17841,United Kingdom
580136,22154,ANGEL DECORATION 3 BUTTONS ,8,12/1/2011 19:42,0.42,17841,United Kingdom
580136,22318,FIVE HEART HANGING DECORATION,1,12/1/2011 19:42,2.95,17841,United Kingdom
580136,21216,"SET 3 RETROSPOT TEA,COFFEE,SUGAR",1,12/1/2011 19:42,4.95,17841,United Kingdom
580136,23133,LARGE IVORY HEART WALL ORGANISER,1,12/1/2011 19:42,8.25,17841,United Kingdom
580136,21935,SUKI  SHOULDER BAG,2,12/1/2011 19:42,1.65,17841,United Kingdom
580136,23581,JUMBO BAG PAISLEY PARK,1,12/1/2011 19:42,2.08,17841,United Kingdom
580136,22379,RECYCLING BAG RETROSPOT ,1,12/1/2011 19:42,2.1,17841,United Kingdom
580136,23202,JUMBO BAG VINTAGE LEAF,1,12/1/2011 19:42,2.08,17841,United Kingdom
580136,22383,LUNCH BAG SUKI DESIGN ,1,12/1/2011 19:42,1.65,17841,United Kingdom
580136,22498,WOODEN REGATTA BUNTING,1,12/1/2011 19:42,5.95,17841,United Kingdom
580136,23355,HOT WATER BOTTLE KEEP CALM,2,12/1/2011 19:42,4.95,17841,United Kingdom
580136,22751,FELTCRAFT PRINCESS OLIVIA DOLL,1,12/1/2011 19:42,3.75,17841,United Kingdom
580136,23582,VINTAGE DOILY JUMBO BAG RED ,1,12/1/2011 19:42,2.08,17841,United Kingdom
580136,20971,PINK BLUE FELT CRAFT TRINKET BOX,1,12/1/2011 19:42,1.25,17841,United Kingdom
580136,23241,TREASURE TIN GYMKHANA DESIGN,3,12/1/2011 19:42,2.08,17841,United Kingdom
580136,23242,TREASURE TIN BUFFALO BILL ,1,12/1/2011 19:42,2.08,17841,United Kingdom
580136,23493,VINTAGE DOILY TRAVEL SEWING KIT,1,12/1/2011 19:42,1.95,17841,United Kingdom
580136,22274,FELTCRAFT DOLL EMILY,1,12/1/2011 19:42,2.95,17841,United Kingdom
580136,22743,MAKE YOUR OWN FLOWERPOWER CARD KIT,1,12/1/2011 19:42,2.95,17841,United Kingdom
580136,22498,WOODEN REGATTA BUNTING,1,12/1/2011 19:42,5.95,17841,United Kingdom
580136,22653,BUTTON BOX ,1,12/1/2011 19:42,1.95,17841,United Kingdom
580136,20735,BLACK MINI TAPE MEASURE ,4,12/1/2011 19:42,0.85,17841,United Kingdom
580136,22554,PLASTERS IN TIN WOODLAND ANIMALS,1,12/1/2011 19:42,1.65,17841,United Kingdom
580136,21340,CLASSIC METAL BIRDCAGE PLANT HOLDER,1,12/1/2011 19:42,12.75,17841,United Kingdom
580136,21976,PACK OF 60 MUSHROOM CAKE CASES,1,12/1/2011 19:42,0.55,17841,United Kingdom
580136,22744,MAKE YOUR OWN MONSOON CARD KIT,1,12/1/2011 19:42,2.95,17841,United Kingdom
580136,22749,FELTCRAFT PRINCESS CHARLOTTE DOLL,1,12/1/2011 19:42,3.75,17841,United Kingdom
580136,22273,FELTCRAFT DOLL MOLLY,1,12/1/2011 19:42,2.95,17841,United Kingdom
580136,23126,FELTCRAFT GIRL AMELIE KIT,1,12/1/2011 19:42,4.95,17841,United Kingdom
580136,23300,GARDENERS KNEELING PAD CUP OF TEA ,3,12/1/2011 19:42,1.65,17841,United Kingdom
580136,23080,RED METAL BOX TOP SECRET,3,12/1/2011 19:42,8.25,17841,United Kingdom
580136,22571,ROCKING HORSE RED CHRISTMAS ,6,12/1/2011 19:42,0.85,17841,United Kingdom
580136,22595,GINGHAM HEART DECORATION,2,12/1/2011 19:42,0.85,17841,United Kingdom
580136,23217,LAUREL HEART ANTIQUE SILVER,2,12/1/2011 19:42,1.25,17841,United Kingdom
580136,23216,LAUREL HEART ANTIQUE GOLD,2,12/1/2011 19:42,1.25,17841,United Kingdom
580136,23212,HEART WREATH DECORATION WITH BELL,3,12/1/2011 19:42,1.25,17841,United Kingdom
580136,23103,JINGLE BELL HEART DECORATION,4,12/1/2011 19:42,1.65,17841,United Kingdom
580136,22602,RETROSPOT WOODEN HEART DECORATION,2,12/1/2011 19:42,0.85,17841,United Kingdom
580136,23224,CHERUB HEART DECORATION GOLD,11,12/1/2011 19:42,0.83,17841,United Kingdom
580136,23225,CHERUB HEART DECORATION SILVER ,4,12/1/2011 19:42,0.83,17841,United Kingdom
580136,22621,TRADITIONAL KNITTING NANCY,2,12/1/2011 19:42,1.65,17841,United Kingdom
580136,71270,PHOTO CLIP LINE,1,12/1/2011 19:42,1.25,17841,United Kingdom
580136,47422,ASSORTED MONKEY SUCTION CUP HOOK,1,12/1/2011 19:42,0.42,17841,United Kingdom
580136,21982,PACK OF 12 SUKI TISSUES ,1,12/1/2011 19:42,0.39,17841,United Kingdom
580136,21162,TOXIC AREA  DOOR HANGER ,1,12/1/2011 19:42,0.39,17841,United Kingdom
580136,23223,CHRISTMAS TREE HANGING SILVER ,7,12/1/2011 19:42,0.83,17841,United Kingdom
580136,23219,LAUREL STAR ANTIQUE SILVER ,4,12/1/2011 19:42,1.25,17841,United Kingdom
580136,23218,LAUREL STAR ANTIQUE GOLD,4,12/1/2011 19:42,1.25,17841,United Kingdom
580136,23210,WHITE ROCKING HORSE HAND PAINTED,3,12/1/2011 19:42,1.25,17841,United Kingdom
580136,23275,SET OF 3 HANGING OWLS OLLIE BEAK,2,12/1/2011 19:42,1.25,17841,United Kingdom
580136,22621,TRADITIONAL KNITTING NANCY,1,12/1/2011 19:42,1.65,17841,United Kingdom
580136,85199S,SMALL HANGING IVORY/RED WOOD BIRD,7,12/1/2011 19:42,0.42,17841,United Kingdom
580136,82581,TOILET METAL SIGN,2,12/1/2011 19:42,0.55,17841,United Kingdom
580136,82580,BATHROOM METAL SIGN,3,12/1/2011 19:42,0.55,17841,United Kingdom
580136,22439,6 ROCKET BALLOONS ,10,12/1/2011 19:42,0.65,17841,United Kingdom
580136,72349B,SET/6 PURPLE BUTTERFLY T-LIGHTS,1,12/1/2011 19:42,2.1,17841,United Kingdom
580136,72351B,SET/6 PINK  BUTTERFLY T-LIGHTS,1,12/1/2011 19:42,2.1,17841,United Kingdom
580136,22464,HANGING METAL HEART LANTERN,1,12/1/2011 19:42,1.65,17841,United Kingdom
580136,20794,BLUE  TILE HOOK,2,12/1/2011 19:42,2.55,17841,United Kingdom
580136,79160,HEART SHAPE WIRELESS DOORBELL,2,12/1/2011 19:42,2.1,17841,United Kingdom
580136,23111,PARISIENNE SEWING BOX,2,12/1/2011 19:42,12.5,17841,United Kingdom
580136,22804,PINK HANGING HEART T-LIGHT HOLDER,1,12/1/2011 19:42,2.95,17841,United Kingdom
580136,22807,SET OF 6 T-LIGHTS TOADSTOOLS,1,12/1/2011 19:42,2.95,17841,United Kingdom
580136,22517,CHILDS GARDEN RAKE PINK,1,12/1/2011 19:42,2.1,17841,United Kingdom
580136,22515,CHILDS GARDEN SPADE PINK,1,12/1/2011 19:42,2.1,17841,United Kingdom
580136,21629,SQUARE FLOOR CUSHION VINTAGE RED,1,12/1/2011 19:42,7.95,17841,United Kingdom
580136,23073,GEORGIAN TRINKET BOX,1,12/1/2011 19:42,12.5,17841,United Kingdom
580136,21629,SQUARE FLOOR CUSHION VINTAGE RED,1,12/1/2011 19:42,7.95,17841,United Kingdom
580136,72741,GRAND CHOCOLATECANDLE,9,12/1/2011 19:42,1.45,17841,United Kingdom
580136,22175,PINK OWL SOFT TOY,3,12/1/2011 19:42,2.95,17841,United Kingdom
580136,21927,BLUE/CREAM STRIPE CUSHION COVER ,10,12/1/2011 19:42,1.25,17841,United Kingdom
580136,84510C,SET OF 4 POLKADOT COASTERS,1,12/1/2011 19:42,1.25,17841,United Kingdom
580136,84519B,CARROT CHARLIE+LOLA COASTER SET,2,12/1/2011 19:42,1.25,17841,United Kingdom
580136,84519A,TOMATO CHARLIE+LOLA COASTER SET,2,12/1/2011 19:42,1.25,17841,United Kingdom
580136,22221,CAKE STAND LOVEBIRD 2 TIER PINK,1,12/1/2011 19:42,9.95,17841,United Kingdom
580136,23576,SNACK TRAY RED VINTAGE DOILY,1,12/1/2011 19:42,1.95,17841,United Kingdom
580136,22766,PHOTO FRAME CORNICE,1,12/1/2011 19:42,2.95,17841,United Kingdom
580136,22041,"RECORD FRAME 7"" SINGLE SIZE ",1,12/1/2011 19:42,2.55,17841,United Kingdom
580136,22758,LARGE PURPLE BABUSHKA NOTEBOOK  ,1,12/1/2011 19:42,1.25,17841,United Kingdom
580136,22419,LIPSTICK PEN RED,1,12/1/2011 19:42,0.42,17841,United Kingdom
580136,22995,TRAVEL CARD WALLET SUKI,4,12/1/2011 19:42,0.42,17841,United Kingdom
580136,22419,LIPSTICK PEN RED,1,12/1/2011 19:42,0.42,17841,United Kingdom
580136,85114A,BLACK ENCHANTED FOREST PLACEMAT,8,12/1/2011 19:42,1.65,17841,United Kingdom
580136,22475,SKULL DESIGN TV DINNER TRAY,1,12/1/2011 19:42,4.95,17841,United Kingdom
580136,47563A,RETRO LONGBOARD IRONING BOARD COVER,2,12/1/2011 19:42,1.25,17841,United Kingdom
580136,20794,BLUE  TILE HOOK,1,12/1/2011 19:42,2.55,17841,United Kingdom
580136,21976,PACK OF 60 MUSHROOM CAKE CASES,1,12/1/2011 19:42,0.55,17841,United Kingdom
580136,21242,RED RETROSPOT PLATE ,1,12/1/2011 19:42,1.69,17841,United Kingdom
580136,21243,PINK POLKADOT PLATE ,2,12/1/2011 19:42,1.69,17841,United Kingdom
580136,21155,RED RETROSPOT PEG BAG,1,12/1/2011 19:42,2.55,17841,United Kingdom
580136,22222,CAKE PLATE LOVEBIRD WHITE,1,12/1/2011 19:42,4.95,17841,United Kingdom
580136,84971S,SMALL HEART FLOWERS HOOK ,4,12/1/2011 19:42,0.85,17841,United Kingdom
580136,22722,SET OF 6 SPICE TINS PANTRY DESIGN,1,12/1/2011 19:42,3.95,17841,United Kingdom
580136,22753,SMALL YELLOW BABUSHKA NOTEBOOK ,3,12/1/2011 19:42,0.85,17841,United Kingdom
580136,22328,ROUND SNACK BOXES SET OF 4 FRUITS ,1,12/1/2011 19:42,2.95,17841,United Kingdom
580136,21111,"SWISS ROLL TOWEL, CHOCOLATE  SPOTS",1,12/1/2011 19:42,2.95,17841,United Kingdom
580136,22212,FOUR HOOK  WHITE LOVEBIRDS,1,12/1/2011 19:42,2.1,17841,United Kingdom
580136,23264,SET OF 3 WOODEN SLEIGH DECORATIONS,12,12/1/2011 19:42,1.25,17841,United Kingdom
580136,23263,SET OF 3 WOODEN HEART DECORATIONS,12,12/1/2011 19:42,1.25,17841,United Kingdom
580136,23265,SET OF 3 WOODEN TREE DECORATIONS,12,12/1/2011 19:42,1.25,17841,United Kingdom
580136,23266,SET OF 3 WOODEN STOCKING DECORATION,12,12/1/2011 19:42,1.25,17841,United Kingdom
580136,22886,NUMBER TILE VINTAGE FONT 7,1,12/1/2011 19:42,1.95,17841,United Kingdom
580136,22882,NUMBER TILE VINTAGE FONT 3,1,12/1/2011 19:42,1.95,17841,United Kingdom
580136,22329,ROUND CONTAINER SET OF 5 RETROSPOT,1,12/1/2011 19:42,1.65,17841,United Kingdom
580136,23404,HOME SWEET HOME BLACKBOARD,2,12/1/2011 19:42,4.95,17841,United Kingdom
580136,22794,SWEETHEART WIRE MAGAZINE RACK,1,12/1/2011 19:42,7.95,17841,United Kingdom
580136,22405,MONEY BOX POCKET MONEY DESIGN,1,12/1/2011 19:42,1.25,17841,United Kingdom
580136,82494L,WOODEN FRAME ANTIQUE WHITE ,1,12/1/2011 19:42,2.95,17841,United Kingdom
580136,22629,SPACEBOY LUNCH BOX ,1,12/1/2011 19:42,1.95,17841,United Kingdom
580136,20931,BLUE POT PLANT CANDLE ,1,12/1/2011 19:42,2.95,17841,United Kingdom
580136,22696,WICKER WREATH LARGE,1,12/1/2011 19:42,1.95,17841,United Kingdom
580136,22839,3 TIER CAKE TIN GREEN AND CREAM,1,12/1/2011 19:42,14.95,17841,United Kingdom
580136,20724,RED RETROSPOT CHARLOTTE BAG,6,12/1/2011 19:42,0.85,17841,United Kingdom
580136,85123A,WHITE HANGING HEART T-LIGHT HOLDER,6,12/1/2011 19:42,2.95,17841,United Kingdom
580136,22457,NATURAL SLATE HEART CHALKBOARD ,7,12/1/2011 19:42,2.95,17841,United Kingdom
580136,22807,SET OF 6 T-LIGHTS TOADSTOOLS,4,12/1/2011 19:42,2.95,17841,United Kingdom
580136,22469,HEART OF WICKER SMALL,5,12/1/2011 19:42,1.65,17841,United Kingdom
580136,23321,SMALL WHITE HEART OF WICKER,5,12/1/2011 19:42,1.65,17841,United Kingdom
580136,85053,FRENCH ENAMEL CANDLEHOLDER,8,12/1/2011 19:42,2.1,17841,United Kingdom
580136,23263,SET OF 3 WOODEN HEART DECORATIONS,10,12/1/2011 19:42,1.25,17841,United Kingdom
580136,84849D,HOT BATHS SOAP HOLDER,2,12/1/2011 19:42,1.69,17841,United Kingdom
580137,21731,RED TOADSTOOL LED NIGHT LIGHT,4,12/1/2011 19:54,1.65,17566,United Kingdom
580137,23084,RABBIT NIGHT LIGHT,3,12/1/2011 19:54,2.08,17566,United Kingdom
580137,23371,SET 36 COLOUR PENCILS SPACEBOY ,3,12/1/2011 19:54,1.25,17566,United Kingdom
580137,22197,POPCORN HOLDER,2,12/1/2011 19:54,0.85,17566,United Kingdom
580137,23525,WALL ART BUFFALO BILL ,1,12/1/2011 19:54,3.75,17566,United Kingdom
580137,23527,WALL ART ANIMALS AND NATURE ,1,12/1/2011 19:54,3.75,17566,United Kingdom
580137,23524,WALL ART HORSE & PONY ,2,12/1/2011 19:54,3.75,17566,United Kingdom
580137,23575,SNACK TRAY PAISLEY PARK,8,12/1/2011 19:54,1.95,17566,United Kingdom
580137,23301,GARDENERS KNEELING PAD KEEP CALM ,1,12/1/2011 19:54,1.65,17566,United Kingdom
580137,22920,HERB MARKER BASIL,1,12/1/2011 19:54,0.65,17566,United Kingdom
580137,22921,HERB MARKER CHIVES ,1,12/1/2011 19:54,0.65,17566,United Kingdom
580137,22917,HERB MARKER ROSEMARY,1,12/1/2011 19:54,0.65,17566,United Kingdom
580137,22916,HERB MARKER THYME,1,12/1/2011 19:54,0.65,17566,United Kingdom
580137,22919,HERB MARKER MINT,1,12/1/2011 19:54,0.65,17566,United Kingdom
580137,22918,HERB MARKER PARSLEY,1,12/1/2011 19:54,0.65,17566,United Kingdom
580137,21484,CHICK GREY HOT WATER BOTTLE,1,12/1/2011 19:54,4.25,17566,United Kingdom
580137,22113,GREY HEART HOT WATER BOTTLE,1,12/1/2011 19:54,4.25,17566,United Kingdom
580137,23241,TREASURE TIN GYMKHANA DESIGN,2,12/1/2011 19:54,2.08,17566,United Kingdom
580137,21733,RED HANGING HEART T-LIGHT HOLDER,5,12/1/2011 19:54,2.95,17566,United Kingdom
580137,22910,PAPER CHAIN KIT VINTAGE CHRISTMAS,4,12/1/2011 19:54,2.95,17566,United Kingdom
580137,85034C,3 ROSE MORRIS BOXED CANDLES,1,12/1/2011 19:54,4.25,17566,United Kingdom
580137,23390,DOLLY GIRL MINI BACKPACK,1,12/1/2011 19:54,4.15,17566,United Kingdom
580137,22835,HOT WATER BOTTLE I AM SO POORLY,1,12/1/2011 19:54,4.95,17566,United Kingdom
580137,23454,THREE MINI HANGING FRAMES,1,12/1/2011 19:54,4.15,17566,United Kingdom
580137,21731,RED TOADSTOOL LED NIGHT LIGHT,1,12/1/2011 19:54,1.65,17566,United Kingdom
580137,22138,BAKING SET 9 PIECE RETROSPOT ,1,12/1/2011 19:54,4.95,17566,United Kingdom
580137,85123A,WHITE HANGING HEART T-LIGHT HOLDER,1,12/1/2011 19:54,2.95,17566,United Kingdom
580137,23575,SNACK TRAY PAISLEY PARK,2,12/1/2011 19:54,1.95,17566,United Kingdom
580137,85152,HAND OVER THE CHOCOLATE   SIGN ,1,12/1/2011 19:54,2.1,17566,United Kingdom
580137,21174,POTTERING IN THE SHED METAL SIGN,1,12/1/2011 19:54,2.08,17566,United Kingdom
580137,85053,FRENCH ENAMEL CANDLEHOLDER,1,12/1/2011 19:54,2.1,17566,United Kingdom
580137,23408,PHOTO FRAME LINEN AND LACE SMALL,1,12/1/2011 19:54,2.08,17566,United Kingdom
580137,22178,VICTORIAN GLASS HANGING T-LIGHT,2,12/1/2011 19:54,1.95,17566,United Kingdom
580137,22479,DAISY GARDEN MARKER,3,12/1/2011 19:54,1.25,17566,United Kingdom
580137,22720,SET OF 3 CAKE TINS PANTRY DESIGN ,1,12/1/2011 19:54,4.95,17566,United Kingdom
580137,23084,RABBIT NIGHT LIGHT,6,12/1/2011 19:54,2.08,17566,United Kingdom
580137,23494,VINTAGE DOILY DELUXE SEWING KIT ,3,12/1/2011 19:54,5.95,17566,United Kingdom
580137,22464,HANGING METAL HEART LANTERN,2,12/1/2011 19:54,1.65,17566,United Kingdom
580137,21534,DAIRY MAID LARGE MILK JUG,1,12/1/2011 19:54,4.95,17566,United Kingdom
580137,85053,FRENCH ENAMEL CANDLEHOLDER,1,12/1/2011 19:54,2.1,17566,United Kingdom
580137,22364,GLASS JAR DIGESTIVE BISCUITS,1,12/1/2011 19:54,2.95,17566,United Kingdom
580137,22358,KINGS CHOICE TEA CADDY ,1,12/1/2011 19:54,2.95,17566,United Kingdom
580137,23245,SET OF 3 REGENCY CAKE TINS,1,12/1/2011 19:54,4.95,17566,United Kingdom
580137,22197,POPCORN HOLDER,20,12/1/2011 19:54,0.85,17566,United Kingdom
580137,22605,WOODEN CROQUET GARDEN SET,1,12/1/2011 19:54,14.95,17566,United Kingdom
580137,21166,COOK WITH WINE METAL SIGN ,4,12/1/2011 19:54,2.08,17566,United Kingdom
580137,82583,HOT BATHS METAL SIGN,3,12/1/2011 19:54,2.1,17566,United Kingdom
580137,82551,LAUNDRY 15C METAL SIGN,4,12/1/2011 19:54,1.45,17566,United Kingdom
580137,23280,FOLDING BUTTERFLY MIRROR HOT PINK ,6,12/1/2011 19:54,0.83,17566,United Kingdom
580137,23282,FOLDING BUTTERFLY MIRROR IVORY ,1,12/1/2011 19:54,0.83,17566,United Kingdom
580137,20676,RED RETROSPOT BOWL,1,12/1/2011 19:54,1.25,17566,United Kingdom
580137,22728,ALARM CLOCK BAKELIKE PINK,1,12/1/2011 19:54,3.75,17566,United Kingdom
580137,22217,T-LIGHT HOLDER HANGING LACE,6,12/1/2011 19:54,1.25,17566,United Kingdom
580137,22630,DOLLY GIRL LUNCH BOX,1,12/1/2011 19:54,1.95,17566,United Kingdom
580137,22629,SPACEBOY LUNCH BOX ,1,12/1/2011 19:54,1.95,17566,United Kingdom
580137,85053,FRENCH ENAMEL CANDLEHOLDER,4,12/1/2011 19:54,2.1,17566,United Kingdom
580137,22722,SET OF 6 SPICE TINS PANTRY DESIGN,1,12/1/2011 19:54,3.95,17566,United Kingdom
580137,21977,PACK OF 60 PINK PAISLEY CAKE CASES,12,12/1/2011 19:54,0.55,17566,United Kingdom
580137,23330,DECORATIVE WICKER HEART MEDIUM,1,12/1/2011 19:54,1.25,17566,United Kingdom
580137,23333,IVORY WICKER HEART MEDIUM,2,12/1/2011 19:54,1.25,17566,United Kingdom